Movie,Other name,URL,Director 2,Main Actors,Year,Region,Type,Score,Summary,Comments
肖申克的救赎,The Shawshank Redemption,https://movie.douban.com/subject/1292052/,弗兰克·德拉邦特 Frank Darabont ,蒂姆·罗宾斯 / 摩根·弗里曼 / 鲍勃·冈顿,1994,美国 ,犯罪 剧情,9.6,希望让人自由。,1161798人评价
霸王别姬,Farewell My Concubine,https://movie.douban.com/subject/1291546/,陈凯歌 Kaige Chen ,张国荣 / 张丰毅,1993,中国大陆 香港 ,剧情 爱情 同性,9.6,风华绝代。,849059人评价
这个杀手不太冷,Léon,https://movie.douban.com/subject/1295644/,吕克·贝松 Luc Besson ,让·雷诺 / 娜塔莉·波特曼 ,1994,法国 ,剧情 动作 犯罪,9.4,怪蜀黍和小萝莉不得不说的故事。,1072106人评价
阿甘正传,Forrest Gump,https://movie.douban.com/subject/1292720/,Robert Zemeckis ,Tom Hanks / Robin Wright Penn / Gary Sinise,1994,美国,剧情 爱情,9.4,一部美国近现代史。,916813人评价
美丽人生,La Vita È Bella,https://movie.douban.com/subject/1292063/,罗伯托·贝尼尼 Roberto Benigni ,罗伯托·贝尼尼 / 尼可莱塔·布拉斯基,1997,意大利 ,剧情 喜剧 爱情 战争,9.5,最美的谎言。,535077人评价
泰坦尼克号,Titanic,https://movie.douban.com/subject/1292722/,詹姆斯·卡梅隆 James Cameron ,莱昂纳多·迪卡普里奥 Leonardo,1997,美国 ,剧情 爱情 灾难,9.3,失去的才是永恒的。,852720人评价
千与千寻,千と千尋の神隠し,https://movie.douban.com/subject/1291561/,宫崎骏 Hayao Miyazaki ,柊瑠美 Rumi Hîragi / 入野自由 Miy,2001,日本 ,剧情 动画 奇幻,9.3,最好的宫崎骏，最好的久石让。,849365人评价
辛德勒的名单,Schindler's List,https://movie.douban.com/subject/1295124/,史蒂文·斯皮尔伯格 Steven Spielberg ,连姆·尼森 Liam Neeson,1993,美国 ,剧情 历史 战争,9.4,拯救一个人，就是拯救整个世界。,482548人评价
盗梦空间,Inception,https://movie.douban.com/subject/3541415/,克里斯托弗·诺兰 Christopher Nolan ,莱昂纳多·迪卡普里奥 Le,2010,美国 英国 ,剧情 科幻 悬疑 冒险,9.3,诺兰给了我们一场无法盗取的梦。,937649人评价
机器人总动员,Wall·e,https://movie.douban.com/subject/2131459/,安德鲁·斯坦顿 Andrew Stanton ,本·贝尔特 Ben Burtt / 艾丽,2008,美国 ,爱情 科幻 动画 冒险,9.3,小瓦力，大人生。,620473人评价
忠犬八公的故事,Hachi: A Dog's Tale,https://movie.douban.com/subject/3011091/,莱塞·霍尔斯道姆 Lasse Hallström ,理查·基尔 Richard Ger,2009,美国 英国 ,剧情,9.3,永远都不能忘记你所爱的人。,601672人评价
三傻大闹宝莱坞,3 Idiots,https://movie.douban.com/subject/3793023/,拉库马·希拉尼 Rajkumar Hirani ,阿米尔·汗 Aamir Khan / 卡,2009,印度 ,剧情 喜剧 爱情 歌舞,9.2,英俊版憨豆，高情商版谢耳朵。,840684人评价
海上钢琴师,La Leggenda Del Pianista Sull'oceano,https://movie.douban.com/subject/1292001/,朱塞佩·托纳多雷 Giuseppe Tornatore ,蒂姆·罗斯 / 普路特·泰勒·文斯,1998,意大利 ,剧情 音乐,9.2,每个人都要走一条自己坚定了的路，就算是粉身碎骨。,705403人评价
放牛班的春天,Les Choristes,https://movie.douban.com/subject/1291549/,克里斯托夫·巴拉蒂 Christophe Barratier ,热拉尔·朱尼奥 / 让-巴蒂斯特·莫尼耶,2004,法国 瑞士 德国 ,剧情 音乐,9.2,天籁一般的童声，是最接近上帝的存在。,574700人评价
大话西游之大圣娶亲,西遊記大結局之仙履奇緣,https://movie.douban.com/subject/1292213/,刘镇伟 Jeffrey Lau ,周星驰 Stephen Chow / 吴孟达 Man Tat Ng,1995,香港 中国大陆 ,喜剧 爱情 奇幻 冒险,9.2,一生所爱。,632257人评价
楚门的世界,The Truman Show,https://movie.douban.com/subject/1292064/,彼得·威尔 Peter Weir ,金·凯瑞 / 劳拉·琳妮,1998,美国 ,剧情 科幻,9.2,如果再也不能见到你，祝你早安，午安，晚安。,609813人评价
教父,The Godfather,https://movie.douban.com/subject/1291841/,弗朗西斯·福特·科波拉 Francis Ford Coppola ,马龙·白兰度 M,1972,美国 ,剧情 犯罪,9.2,千万不要记恨你的对手，这样会让你失去理智。,425489人评价
龙猫,となりのトトロ,https://movie.douban.com/subject/1291560/,宫崎骏 Hayao Miyazaki ,日高法子 / 坂本千夏,1988,日本 ,动画 奇幻 冒险,9.1,人人心中都有个龙猫，童年就永远不会消失。,521575人评价
星际穿越,Interstellar,https://movie.douban.com/subject/1889243/,克里斯托弗·诺兰 Christopher Nolan ,马修·麦康纳 / 安妮·海瑟薇 / 杰西卡·查斯坦,2014,美国 英国 加拿大 冰岛 ,剧情 科幻 冒险,9.2,爱是一种力量，让我们超越时空感知它的存在。,629301人评价
熔炉,도가니,https://movie.douban.com/subject/5912992/,黄东赫 Dong-hyuk Hwang ,孔侑 Yoo Gong / 郑有美 Yu-mi Jeong ,2011,韩国 ,剧情,9.2,我们一路奋战不是为了改变世界，而是为了不让世界改变我们。,352727人评价
无间道,無間道,https://movie.douban.com/subject/1307914/,刘伟强 / 麦兆辉 ,刘德华 / 梁朝伟 / 黄秋生,2002,香港 ,剧情 犯罪 悬疑,9.1,香港电影史上永不过时的杰作。,516507人评价
触不可及,Intouchables,https://movie.douban.com/subject/6786002/,奥利维·那卡什 Olivier Nakache / 艾力克·托兰达 Eric Toledano ,弗朗索瓦·克鲁塞 / 奥玛·希 / 安娜·勒尼 ,2011,法国 ,剧情 喜剧,9.2,满满温情的高雅喜剧。,453658人评价
当幸福来敲门,The Pursuit Of Happyness,https://movie.douban.com/subject/1849031/,加布里尔·穆奇诺 Gabriele Muccino ,威尔·史密斯 / 贾登·史密斯,2006,美国 ,剧情 传记 家庭,9.0,平民励志片。,674968人评价
乱世佳人,Gone With The Wind,https://movie.douban.com/subject/1300267/,维克多·弗莱明 Victor Fleming, 费雯·丽 / 克拉克·盖博,1939,美国 ,剧情 爱情 历史 战争,9.2,Tomorrow is another day.,325166人评价
怦然心动,Flipped,https://movie.douban.com/subject/3319755/,罗伯·莱纳 Rob Reiner ,玛德琳·卡罗尔 / 卡兰·麦克奥利菲,2010,美国 ,剧情 喜剧 爱情,9.0,真正的幸福是来自内心深处。,723879人评价
疯狂动物城,Zootopia,https://movie.douban.com/subject/25662329/,拜伦·霍华德 Byron Howard,金妮弗·古德温 / 杰森·贝特曼,2016,美国,喜剧 动画 冒险,9.1,迪士尼给我们营造的乌托邦就是这样，永远善良勇敢，永远出乎意料。,682775人评价
天堂电影院,Nuovo Cinema Paradiso,https://movie.douban.com/subject/1291828/,朱塞佩·托纳多雷 Giuseppe Tornatore ,安东娜拉·塔莉 Antonel,1988,意大利 法国 ,剧情 爱情,9.1,那些吻戏，那些青春，都在影院的黑暗里被泪水冲刷得无比清晰。,358743人评价
蝙蝠侠：黑暗骑士,The Dark Knight,https://movie.douban.com/subject/1851857/,克里斯托弗·诺兰 Christopher Nolan ,克里斯蒂安·贝尔 Christ,2008,美国 英国 ,剧情 动作 科幻 犯罪 惊悚,9.1,无尽的黑暗。,416374人评价
活着,Lifetimes / To Live,https://movie.douban.com/subject/1292365/,张艺谋 Yimou Zhang ,葛优 You Ge / 巩俐 Li Gong / 姜武 Wu Jiang,1994,中国大陆 香港,剧情 历史 家庭,9.1,张艺谋最好的电影。,344701人评价
十二怒汉,12 Angry Men,https://movie.douban.com/subject/1293182/,Sidney Lumet ,亨利·方达 Henry Fonda / 马丁·鲍尔萨姆 Marti,1957,美国 ,剧情,9.4,1957年的理想主义。,208464人评价
鬼子来了,Devils On The Doorstep,https://movie.douban.com/subject/1291858/,姜文 Wen Jiang ,姜文 Wen Jiang / 香川照之 Teruyuki Kagawa /,2000,中国大陆 ,剧情 历史 战争,9.2,对敌人的仁慈，就是对自己残忍。,289400人评价
少年派的奇幻漂流,Life Of Pi,https://movie.douban.com/subject/1929463/,李安 Ang Lee ,苏拉·沙玛 Suraj Sharma / 伊尔凡·可汗 Irrfan,2012,美国 台湾 英国 加拿大 ,剧情 奇幻 冒险,9.0,瑰丽壮观、无人能及的冒险之旅。,699527人评价
指环王3：王者无敌,The Lord Of The Rings: The Return Of The King,https://movie.douban.com/subject/1291552/,彼得·杰克逊 Peter Jackson ,维果·莫腾森 Viggo Mortensen / ,2003,美国 新西兰 ,剧情 动作 奇幻 冒险,9.1,史诗的终章。,345640人评价
搏击俱乐部,Fight Club,https://movie.douban.com/subject/1292000/,大卫·芬奇 David Fincher ,爱德华·诺顿 Edward Norton / 布拉,1999,美国 德国 ,剧情 动作 悬疑 惊悚,9.0,邪恶与平庸蛰伏于同一个母体，在特定的时间互相对峙。,461712人评价
天空之城,天空の城ラピュタ,https://movie.douban.com/subject/1291583/,宫崎骏 Hayao Miyazaki ,田中真弓 Mayumi Tanaka / 横泽启子 Ke,1986,日本 ,动画 奇幻 冒险,9.0,对天空的追逐，永不停止。,402888人评价
控方证人,Witness For The Prosecution,https://movie.douban.com/subject/1296141/,比利·怀尔德 Billy Wilder ,查尔斯·劳顿 Charles Laughton / ,1957,美国 ,剧情 犯罪 悬疑,9.6,比利·怀德满分作品。,136124人评价
飞屋环游记,Up,https://movie.douban.com/subject/2129039/,彼特·道格特 Pete Docter / 鲍勃·彼德森 Bob Peterson ,爱德,2009,美国 ,剧情 喜剧 动画 冒险,8.9,最后那些最无聊的事情，才是最值得怀念的。,613439人评价
大话西游之月光宝盒,西遊記第壹佰零壹回之月光寶盒,https://movie.douban.com/subject/1299398/,刘镇伟 Jeffrey Lau ,周星驰 Stephen Chow / 吴孟达 Man Tat Ng,1995,香港 中国大陆 ,喜剧 爱情 奇幻 冒险,8.9,旷古烁今。,508572人评价
罗马假日,Roman Holiday,https://movie.douban.com/subject/1293839/,威廉·惠勒 William Wyler ,奥黛丽·赫本 Audrey Hepburn / 格,1953,美国 ,喜剧 剧情 爱情,9.0,爱情哪怕只有一天。,466526人评价
窃听风暴,Das Leben Der Anderen,https://movie.douban.com/subject/1900841/,弗洛里安·亨克尔·冯·多纳斯马 Florian Henckel von Donnersmarck ,乌尔里希·穆埃 / 马蒂娜·格德克,2006,德国,剧情 悬疑,9.1,别样人生。,274932人评价
两杆大烟枪,"Lock, Stock And Two Smoking Barrels",https://movie.douban.com/subject/1293350/,Guy Ritchie ,Jason Flemyng / Dexter Fletcher / Nick Moran,1998,英国,剧情 喜剧 犯罪,9.1,4个臭皮匠顶个诸葛亮，盖·里奇果然不是盖的。,317405人评价
摔跤吧！爸爸,Dangal,https://movie.douban.com/subject/26387939/,涅提·蒂瓦里 Nitesh Tiwari ,阿米尔·汗 Aamir Khan / 法缇玛,2016,印度 ,剧情 传记 运动 家庭,9.1,你不是在为你一个人战斗，你要让千千万万的女性看到女生并不是只能相夫教子。,608428人评价
飞越疯人院,One Flew Over The Cuckoo's Nest,https://movie.douban.com/subject/1292224/,米洛斯·福尔曼 Miloš Forman ,杰克·尼科尔森 Jack Nichols,1975,美国 ,剧情,9.0,自由万岁。,320989人评价
闻香识女人,Scent Of A Woman,https://movie.douban.com/subject/1298624/,马丁·布莱斯 Martin Brest ,阿尔·帕西诺 Al Pacino / 克里斯,1992,美国 ,剧情,9.0,史上最美的探戈。,394876人评价
哈尔的移动城堡,ハウルの動く城,https://movie.douban.com/subject/1308807/,宫崎骏 Hayao Miyazaki ,倍赏千惠子 Chieko Baishô / 木村拓,2004,日本 ,动画 奇幻 冒险,8.9,带着心爱的人在天空飞翔。,434750人评价
辩护人,변호인,https://movie.douban.com/subject/21937445/,杨宇硕 Woo-seok Yang ,宋康昊 Kang-ho Song / 吴达洙 Dal-su O,2013,韩国 ,剧情,9.2,电影的现实意义大过电影本身。,271453人评价
死亡诗社,Dead Poets Society,https://movie.douban.com/subject/1291548/,彼得·威尔 Peter Weir ,罗宾·威廉姆斯 / 罗伯特·肖恩·莱纳德,1989,美国 ,剧情,9.0,当一个死水般的体制内出现一个活跃的变数时，所有的腐臭都站在了光明的对面。,339554人评价
V字仇杀队,V For Vendetta,https://movie.douban.com/subject/1309046/,詹姆斯·麦克特格 James McTeigue ,娜塔莉·波特曼 Natalie Por,2005,美国 英国 德国 ,剧情 动作 科幻 惊悚,8.8,一张面具背后的理想与革命。,512294人评价
海豚湾,The Cove,https://movie.douban.com/subject/3442220/,Louie Psihoyos ,John Chisholm / Mandy-Rae Cruikshank,2009,美国 ,纪录片,9.3,海豚的微笑，是世界上最高明的伪装。,210873人评价
教父2,The Godfather: Part Ⅱ,https://movie.douban.com/subject/1299131/,弗朗西斯·福特·科波拉 Francis Ford Coppola ,阿尔·帕西诺 / 罗伯特·杜瓦尔,1974,美国 ,剧情 犯罪,9.1,优雅的孤独。,229979人评价
肖申克的救赎,The Shawshank Redemption,https://movie.douban.com/subject/1292052/,弗兰克·德拉邦特 Frank Darabont ,蒂姆·罗宾斯 Tim Robbins /,1994,美国 ,犯罪 剧情,9.6,希望让人自由。,1161798人评价
霸王别姬,Farewell My Concubine,https://movie.douban.com/subject/1291546/,陈凯歌 Kaige Chen ,张国荣 / 张丰毅 / 巩俐 / 葛优 / 英达,1993,中国大陆 香港 ,剧情 爱情 同性,9.6,风华绝代。,849059人评价
这个杀手不太冷,Léon,https://movie.douban.com/subject/1295644/,吕克·贝松 Luc Besson ,让·雷诺 Jean Reno / 娜塔莉·波特曼 ,1994,法国 ,剧情 动作 犯罪,9.4,怪蜀黍和小萝莉不得不说的故事。,1072106人评价
阿甘正传,Forrest Gump,https://movie.douban.com/subject/1292720/,Robert Zemeckis ,Tom Hanks / Robin Wright Penn / Gary Sinise,1994,美国,剧情 爱情,9.4,一部美国近现代史。,916813人评价
美丽人生,La Vita È Bella,https://movie.douban.com/subject/1292063/,罗伯托·贝尼尼 Roberto Benigni ,罗伯托·贝尼尼 Roberto Beni,1997,意大利 ,剧情 喜剧 爱情 战争,9.5,最美的谎言。,535077人评价
泰坦尼克号,Titanic,https://movie.douban.com/subject/1292722/,詹姆斯·卡梅隆 James Cameron ,莱昂纳多·迪卡普里奥 Leonardo,1997,美国 ,剧情 爱情 灾难,9.3,失去的才是永恒的。,852720人评价
千与千寻,千と千尋の神隠し,https://movie.douban.com/subject/1291561/,宫崎骏 Hayao Miyazaki ,柊瑠美 Rumi Hîragi / 入野自由 Miy,2001,日本 ,剧情 动画 奇幻,9.3,最好的宫崎骏，最好的久石让。,849365人评价
辛德勒的名单,Schindler's List,https://movie.douban.com/subject/1295124/,史蒂文·斯皮尔伯格 Steven Spielberg ,连姆·尼森 Liam Neeson,1993,美国 ,剧情 历史 战争,9.4,拯救一个人，就是拯救整个世界。,482548人评价
盗梦空间,Inception,https://movie.douban.com/subject/3541415/,克里斯托弗·诺兰 Christopher Nolan ,莱昂纳多·迪卡普里奥 Le,2010,美国 英国 ,剧情 科幻 悬疑 冒险,9.3,诺兰给了我们一场无法盗取的梦。,937649人评价
机器人总动员,Wall·e,https://movie.douban.com/subject/2131459/,安德鲁·斯坦顿 Andrew Stanton ,本·贝尔特 / 艾丽莎·奈特,2008,美国 ,爱情 科幻 动画 冒险,9.3,小瓦力，大人生。,620473人评价
忠犬八公的故事,Hachi: A Dog's Tale,https://movie.douban.com/subject/3011091/,莱塞·霍尔斯道姆 Lasse Hallström ,理查·基尔 Richard Ger,2009,美国 英国 ,剧情,9.3,永远都不能忘记你所爱的人。,601672人评价
三傻大闹宝莱坞,3 Idiots,https://movie.douban.com/subject/3793023/,拉库马·希拉尼 Rajkumar Hirani ,阿米尔·汗 Aamir Khan / 卡,2009,印度 ,剧情 喜剧 爱情 歌舞,9.2,英俊版憨豆，高情商版谢耳朵。,840684人评价
海上钢琴师,La Leggenda Del Pianista Sull'oceano,https://movie.douban.com/subject/1292001/,朱塞佩·托纳多雷 Giuseppe Tornatore ,蒂姆·罗斯 Tim Roth / ,1998,意大利 ,剧情 音乐,9.2,每个人都要走一条自己坚定了的路，就算是粉身碎骨。,705403人评价
放牛班的春天,Les Choristes,https://movie.douban.com/subject/1291549/,克里斯托夫·巴拉蒂 Christophe Barratier ,杰拉尔·朱诺 Géra,2004,法国 瑞士 德国 ,剧情 音乐,9.2,天籁一般的童声，是最接近上帝的存在。,574700人评价
大话西游之大圣娶亲,西遊記大結局之仙履奇緣,https://movie.douban.com/subject/1292213/,刘镇伟 Jeffrey Lau ,周星驰 Stephen Chow / 吴孟达 Man Tat Ng,1995,香港 中国大陆 ,喜剧 爱情 奇幻 冒险,9.2,一生所爱。,632257人评价
楚门的世界,The Truman Show,https://movie.douban.com/subject/1292064/,彼得·威尔 Peter Weir ,金·凯瑞 Jim Carrey / 劳拉·琳妮 Lau,1998,美国 ,剧情 科幻,9.2,如果再也不能见到你，祝你早安，午安，晚安。,609813人评价
教父,The Godfather,https://movie.douban.com/subject/1291841/,弗朗西斯·福特·科波拉 Francis Ford Coppola ,马龙·白兰度 M,1972,美国 ,剧情 犯罪,9.2,千万不要记恨你的对手，这样会让你失去理智。,425489人评价
龙猫,となりのトトロ,https://movie.douban.com/subject/1291560/,宫崎骏 Hayao Miyazaki ,日高法子 / 坂本千夏 ,1988,日本 ,动画 奇幻 冒险,9.1,人人心中都有个龙猫，童年就永远不会消失。,521575人评价
星际穿越,Interstellar,https://movie.douban.com/subject/1889243/,克里斯托弗·诺兰 Christopher Nolan ,马修·麦康纳 Matthew Mc,2014,美国 英国 加拿大 冰岛 ,剧情 科幻 冒险,9.2,爱是一种力量，让我们超越时空感知它的存在。,629301人评价
熔炉,도가니,https://movie.douban.com/subject/5912992/,黄东赫 Dong-hyuk Hwang ,孔侑 Yoo Gong / 郑有美 Yu-mi Jeong ,2011,韩国 ,剧情,9.2,我们一路奋战不是为了改变世界，而是为了不让世界改变我们。,352727人评价
无间道,無間道,https://movie.douban.com/subject/1307914/,刘伟强 / 麦兆辉 ,刘德华 / 梁朝伟 / 黄秋生,2002,香港,剧情 犯罪 悬疑,9.1,香港电影史上永不过时的杰作。,516507人评价
触不可及,Intouchables,https://movie.douban.com/subject/6786002/,奥利维·那卡什 Olivier Nakache / 艾力克·托兰达 Eric Toledano,弗朗索瓦·克鲁塞 / 奥玛·希,2011,法国,剧情 喜剧,9.2,满满温情的高雅喜剧。,453658人评价
当幸福来敲门,The Pursuit Of Happyness,https://movie.douban.com/subject/1849031/,加布里尔·穆奇诺 Gabriele Muccino ,威尔·史密斯 Will Smith ,2006,美国 ,剧情 传记 家庭,9.0,平民励志片。,674968人评价
乱世佳人,Gone With The Wind,https://movie.douban.com/subject/1300267/,维克多·弗莱明 Victor Fleming / 乔治·库克 George Cukor ,费雯·丽 / 克拉克·盖博,1939,美国 ,剧情 历史 爱情 战争,9.2,Tomorrow is another day.,325166人评价
怦然心动,Flipped,https://movie.douban.com/subject/3319755/,罗伯·莱纳 Rob Reiner ,玛德琳·卡罗尔 / 卡兰·麦克奥利菲,2010,美国 ,剧情 喜剧 爱情,9.0,真正的幸福是来自内心深处。,723879人评价
指环王2：双塔奇兵,The Lord Of The Rings: The Two Towers,https://movie.douban.com/subject/1291572/,彼得·杰克逊 Peter Jackson ,伊利亚·伍德 Elijah Wood / 西恩,2002,美国 新西兰 ,剧情 动作 奇幻 冒险,9.0,承前启后的史诗篇章。,324159人评价
指环王1：魔戒再现,The Lord Of The Rings: The Fellowship Of The Ring,https://movie.douban.com/subject/1291571/,彼得·杰克逊 Peter Jackson ,伊利亚·伍德 Elijah Wood / 西恩,2001,新西兰 美国 ,剧情 动作 奇幻 冒险,8.9,传说的开始。,363056人评价
美丽心灵,A Beautiful Mind,https://movie.douban.com/subject/1306029/,朗·霍华德 Ron Howard ,罗素·克劳 Russell Crowe / 艾德·哈,2001,美国 ,传记 剧情,8.9,爱是一切逻辑和原由。,362230人评价
饮食男女,飲食男女,https://movie.douban.com/subject/1291818/,李安 Ang Lee ,郎雄 Sihung Lung / 杨贵媚 Kuei-Mei Yang / 吴,1994,台湾 美国 ,剧情 家庭,9.1,人生不能像做菜，把所有的料都准备好了才下锅。,248255人评价
情书,Love Letter,https://movie.douban.com/subject/1292220/,岩井俊二 Shunji Iwai ,中山美穗 Miho Nakayama / 丰川悦司 Ets,1995,日本 ,剧情 爱情,8.8,暗恋的极致。,443304人评价
素媛,소원,https://movie.douban.com/subject/21937452/,李濬益 Jun-ik Lee ,薛景求 Kyung-gu Sol / 严志媛 Ji-won Uhm ,2013,韩国 ,剧情,9.1,受过伤害的人总是笑得最开心，因为他们不愿意让身边的人承受一样的痛苦。,232638人评价
狮子王,The Lion King,https://movie.douban.com/subject/1301753/,Roger Allers / 罗伯·明可夫 Rob Minkoff ,乔纳森·泰勒·托马,1994,美国 ,剧情 动画 冒险 歌舞 家庭,8.9,动物版《哈姆雷特》。,340514人评价
美国往事,Once Upon A Time In America,https://movie.douban.com/subject/1292262/,赛尔乔·莱翁内 Sergio Leone ,罗伯特·德尼罗 Robert De Niro ,1984,意大利 美国 ,犯罪 剧情,9.1,往事如烟，无处祭奠。,206771人评价
钢琴家,The Pianist,https://movie.douban.com/subject/1296736/,罗曼·波兰斯基 Roman Polanski ,艾德里安·布洛迪 Adrien Brod,2002,法国 德国 英国 波兰 ,剧情 传记 历史 战争 音乐,9.1,音乐能化解仇恨。,239020人评价
小鞋子,بچههای آسمان,https://movie.douban.com/subject/1303021/,马基德·马基迪 Majid Majidi ,Amir Farrokh Hashemian / 默罕,1997,伊朗 ,剧情 家庭 儿童,9.2,奔跑的孩子是天使。,171548人评价
七宗罪,Se7en,https://movie.douban.com/subject/1292223/,大卫·芬奇 David Fincher ,摩根·弗里曼 Morgan Freeman / 布,1995,美国 ,剧情 犯罪 悬疑 惊悚,8.8,警察抓小偷，老鼠玩死猫。,501781人评价
被嫌弃的松子的一生,嫌われ松子の一生,https://movie.douban.com/subject/1787291/,中岛哲也 Tetsuya Nakashima ,中谷美纪 Miki Nakatani / 瑛太 E,2006,日本 ,剧情 歌舞,8.9,以戏谑来戏谑戏谑。,357185人评价
致命魔术,The Prestige,https://movie.douban.com/subject/1780330/,克里斯托弗·诺兰 Christopher Nolan ,休·杰克曼 Hugh Jackman,2006,美国 英国 ,剧情 悬疑 惊悚,8.8,孪生蝙蝠侠大战克隆金刚狼。,408468人评价
天使爱美丽,Le Fabuleux Destin D'amélie Poulain,https://movie.douban.com/subject/1292215/,让-皮埃尔·热内 Jean-Pierre Jeunet ,奥黛丽·塔图 Audrey Tau,2001,法国 德国 ,喜剧 爱情,8.7,法式小清新。,559464人评价
本杰明·巴顿奇事,The Curious Case Of Benjamin Button,https://movie.douban.com/subject/1485260/,大卫·芬奇 David Fincher ,凯特·布兰切特 Cate Blanchett / ,2008,美国 ,剧情 爱情 奇幻,8.8,在时间之河里感受溺水之苦。,464444人评价
西西里的美丽传说,Malèna,https://movie.douban.com/subject/1292402/,朱塞佩·托纳多雷 Giuseppe Tornatore ,莫妮卡·贝鲁奇 Monica ,2000,意大利 美国 ,剧情 战争 情色,8.8,美丽无罪。,429556人评价
黑客帝国,The Matrix,https://movie.douban.com/subject/1291843/,安迪·沃卓斯基 Andy Wachowski / 拉娜·沃卓斯基 Lana Wachowski, 基努·里维斯 / 凯瑞-安·莫斯,1999,美国 澳大利亚,动作 科幻,8.9,视觉革命。,339510人评价
音乐之声,The Sound Of Music,https://movie.douban.com/subject/1294408/,Robert Wise ,朱丽·安德鲁斯 Julie Andrews / 克里斯托弗·普,1965,美国 ,剧情 传记 爱情 歌舞,8.9,用音乐化解仇恨，让歌声串起美好。,273406人评价
让子弹飞,Let The Bullets Fly,https://movie.douban.com/subject/3742360/,姜文 Wen Jiang ,姜文 / 葛优 / 周润发 / 刘嘉玲 / 陈坤,2010,中国大陆 香港 ,剧情 喜剧 动作 西部,8.7,你给我翻译翻译，神马叫做TMD的惊喜。,754326人评价
拯救大兵瑞恩,Saving Private Ryan,https://movie.douban.com/subject/1292849/,史蒂文·斯皮尔伯格 Steven Spielberg ,汤姆·汉克斯 Tom Hanks,1998,美国 ,剧情 历史 战争,8.9,美利坚精神输出大片No1.,290615人评价
看不见的客人,Contratiempo,https://movie.douban.com/subject/26580232/,奥里奥尔·保罗 Oriol Paulo ,马里奥·卡萨斯 Mario Casas / 阿,2016,西班牙 ,剧情 犯罪 悬疑 惊悚,8.7,你以为你以为的就是你以为的。,448677人评价
低俗小说,Pulp Fiction,https://movie.douban.com/subject/1291832/,昆汀·塔伦蒂诺 Quentin Tarantino ,约翰·特拉沃尔塔 John Tra,1994,美国 ,剧情 喜剧 犯罪,8.8,故事的高级讲法。,399339人评价
勇敢的心,Braveheart,https://movie.douban.com/subject/1294639/,梅尔·吉布森 Mel Gibson ,梅尔·吉布森 Mel Gibson / 苏菲·玛,1995,美国 ,动作 传记 剧情 历史 战争,8.8,史诗大片的典范。,335838人评价
剪刀手爱德华,Edward Scissorhands,https://movie.douban.com/subject/1292370/,Tim Burton ,约翰尼·德普 Johnny Depp / 薇诺娜·瑞德 Winona ,1990,美国 ,剧情 奇幻 爱情,8.7,浪漫忧郁的成人童话。,565229人评价
末代皇帝,The Last Emperor,https://movie.douban.com/subject/1293172/,贝纳尔多·贝托鲁奇 Bernardo Bertolucci ,尊龙 John Lone / 陈,1987,英国 意大利 中国大陆 法国 美国 ,剧情 传记 历史,9.0,“不要跟我比惨，我比你更惨”再适合这部电影不过了。,223199人评价
沉默的羔羊,The Silence Of The Lambs,https://movie.douban.com/subject/1293544/,乔纳森·戴米 Jonathan Demme ,朱迪·福斯特 Jodie Foster / 安,1991,美国 ,剧情 犯罪 惊悚,8.8,安东尼·霍普金斯的顶级表演。,410587人评价
大闹天宫,The Monkey King / Havoc In Heaven,https://movie.douban.com/subject/1418019/,万籁鸣 Laiming Wan / 唐澄 Cheng Tang ,邱岳峰 / 富润生 / 毕克,1961,中国大陆,动画 奇幻,9.3,经典之作，历久弥新。,129945人评价
蝴蝶效应,The Butterfly Effect,https://movie.douban.com/subject/1292343/,埃里克·布雷斯 Eric Bress / J·麦基·格鲁伯 J. Mackye Gruber ,阿什顿·库彻 / 梅罗拉·沃特斯,2004,美国 / 加拿大, 剧情 科幻 悬疑 惊悚,8.7,人的命运被自己瞬间的抉择改变。,448878人评价
春光乍泄,春光乍洩,https://movie.douban.com/subject/1292679/,王家卫 Kar Wai Wong ,张国荣 Leslie Cheung / 梁朝伟 Tony Leu,1997,香港 日本 韩国 ,剧情 爱情 同性,8.8,爱情纠缠，男女一致。,294469人评价
入殓师,おくりびと,https://movie.douban.com/subject/2149806/,泷田洋二郎 Yôjirô Takita ,本木雅弘 Masahiro Motoki / ,2008,日本 ,剧情,8.8,死可能是一道门，逝去并不是终结，而是超越，走向下一程。,355655人评价
心灵捕手,Good Will Hunting,https://movie.douban.com/subject/1292656/,格斯·范·桑特 Gus Van Sant ,马特·达蒙 Matt Damon / 罗宾·,1997,美国 ,剧情,8.8,人生中应该拥有这样的一段豁然开朗。,324600人评价
哈利·波特与魔法石,Harry Potter And The Sorcerer's Stone,https://movie.douban.com/subject/1295038/,Chris Columbus ,Daniel Radcliffe / Emma Watson / Rupert Grint,2001,美国 英国,奇幻 冒险,8.8,童话世界的开端。,328389人评价
玛丽和马克思,Mary And Max,https://movie.douban.com/subject/3072124/,亚当·艾略特 Adam Elliot ,托妮·科莱特 Toni Collette / 菲利,2009,澳大利亚 ,剧情 动画,8.9,你是我最好的朋友，你是我唯一的朋友 。,258245人评价
阳光灿烂的日子,In The Heat Of The Sun,https://movie.douban.com/subject/1291875/,姜文 Wen Jiang ,夏雨 Yu Xia / 宁静 Jing Ning / 陶虹 Hong Tao,1994,中国大陆 香港,剧情,8.8,一场华丽的意淫。,320310人评价
布达佩斯大饭店,The Grand Budapest Hotel,https://movie.douban.com/subject/11525673/,韦斯·安德森 Wes Anderson ,拉尔夫·费因斯 Ralph Fiennes / ,2014,美国 德国 英国 ,剧情 喜剧 冒险,8.8,小清新的故事里注入了大历史的情怀。,388194人评价
禁闭岛,Shutter Island,https://movie.douban.com/subject/2334904/,Martin Scorsese ,莱昂纳多·迪卡普里奥 Leonardo DiCaprio / ,2010,美国 ,剧情 悬疑 惊悚,8.7,昔日翩翩少年，今日大腹便便。,428121人评价
猫鼠游戏,Catch Me If You Can,https://movie.douban.com/subject/1305487/,史蒂文·斯皮尔伯格 Steven Spielberg ,莱昂纳多·迪卡普里奥 L,2002,美国 加拿大 ,传记 犯罪 剧情,8.8,骗子大师和执著警探的你追我跑故事。,287607人评价
幽灵公主,もののけ姫,https://movie.douban.com/subject/1297359/,宫崎骏 Hayao Miyazaki ,松田洋治 Yôji Matsuda / 石田百合,1997,日本 ,动画 奇幻 冒险,8.8,人与自然的战争史诗。,273894人评价
第六感,The Sixth Sense,https://movie.douban.com/subject/1297630/,M·奈特·沙马兰 M. Night Shyamalan ,布鲁斯·威利斯 Bruce Wi,1999,美国 ,剧情 悬疑 惊悚,8.8,深入内心的恐怖，出人意料的结局。,273559人评价
重庆森林,重慶森林,https://movie.douban.com/subject/1291999/,王家卫 Kar Wai Wong ,林青霞 / 金城武 / 梁朝伟 / 王菲,1994,香港 ,剧情 爱情,8.7,寂寞没有期限。,389785人评价
狩猎,Jagten,https://movie.douban.com/subject/6985810/,托马斯·温特伯格 Thomas Vinterberg ,麦斯·米科尔森 Mads Mik,2012,丹麦 瑞典 ,剧情,9.1,人言可畏。,160036人评价
致命id,Identity,https://movie.douban.com/subject/1297192/,James Mangold ,John Cusack / Ray Liotta / Amanda Peet,2003,美国,剧情 悬疑 惊悚,8.7,最不可能的那个人永远是最可能的。,375631人评价
断背山,Brokeback Mountain,https://movie.douban.com/subject/1418834/,李安 Ang Lee ,希斯·莱杰 / 杰克·吉伦哈尔,2005,美国 加拿大 ,剧情 爱情 同性 家庭,8.7,每个人心中都有一座断背山。,373756人评价
穿条纹睡衣的男孩,The Boy In The Striped Pajamas,https://movie.douban.com/subject/3008247/,马克·赫门 Mark Herman ,阿沙·巴特菲尔德 Asa Butterfield / ,2008,英国 美国 ,剧情 战争,8.9,尽管有些不切实际的幻想，这部电影依旧是一部感人肺腑的佳作。,186174人评价
大鱼,Big Fish,https://movie.douban.com/subject/1291545/,蒂姆·波顿 Tim Burton ,伊万·麦克格雷格 / 阿尔伯特·芬尼,2003,美国 ,剧情 家庭 奇幻 冒险,8.7,抱着梦想而活着的人是幸福的，怀抱梦想而死去的人是不朽的。,293227人评价
加勒比海盗,Pirates Of The Caribbean: The Curse Of The Black Pearl,https://movie.douban.com/subject/1298070/,戈尔·维宾斯基 Gore Verbinski ,约翰尼·德普 Johnny Depp / ,2003,美国 ,动作 冒险 奇幻,8.6,约翰尼·德普的独角戏。,410859人评价
告白,Kokuhaku / Confessions,https://movie.douban.com/subject/4268598/,中岛哲也 Tetsuya Nakashima ,松隆子 / 冈田将生,2010,日本 ,剧情 惊悚,8.7,没有一人完全善，也没有一人完全恶。,396691人评价
一一,Yi Yi: A One And A Two,https://movie.douban.com/subject/1292434/,杨德昌 Edward Yang ,吴念真 / 李凯莉 Kelly Lee / 金燕玲 Elai,2000,台湾 日本 ,剧情 爱情 家庭,8.9,我们都曾经是一一。,179205人评价
甜蜜蜜,Comrades: Almost A Love Story,https://movie.douban.com/subject/1305164/,陈可辛 Peter Chan ,黎明 Leon Lai / 张曼玉 Maggie Cheung,1996,香港 ,剧情 爱情,8.8,相逢只要一瞬间，等待却像是一辈子。,263650人评价
阿凡达,Avatar,https://movie.douban.com/subject/1652587/,詹姆斯·卡梅隆 James Cameron ,萨姆·沃辛顿 Sam Worthington ,2009,美国 英国 ,动作 战争 科幻 冒险,8.6,绝对意义上的美轮美奂。,619415人评价
射雕英雄传之东成西就,射鵰英雄傳之東成西就,https://movie.douban.com/subject/1316510/,刘镇伟 Jeffrey Lau ,梁朝伟 Tony Leung Chiu Wai / 林青霞 Bri,1993,香港 ,喜剧 古装,8.7,百看不厌。,318670人评价
摩登时代,Modern Times,https://movie.douban.com/subject/1294371/,查理·卓别林 Charles Chaplin ,查理·卓别林 Charles Chaplin ,1936,美国 ,喜剧 剧情 爱情,9.2,大时代中的人生，小人物的悲喜。,110143人评价
阳光姐妹淘,써니,https://movie.douban.com/subject/4917726/,姜炯哲 Hyeong-Cheol Kang ,沈恩京 Eun-kyung Shim / 闵孝琳 Hy,2011,韩国 ,剧情 喜剧,8.8,再多各自牛逼的时光，也比不上一起傻逼的岁月。,313285人评价
上帝之城,Cidade De Deus,https://movie.douban.com/subject/1292208/,Kátia Lund / Fernando Meirelles ,Alexandre Rodrigues / Lea,2002,巴西 法国 ,犯罪 剧情,8.9,被上帝抛弃了的上帝之城。,175949人评价
爱在黎明破晓前,Before Sunrise,https://movie.douban.com/subject/1296339/,理查德·林克莱特 Richard Linklater ,伊桑·霍克 Ethan Hawke ,1995,美国 奥地利 瑞士 ,剧情 爱情,8.7,缘分是个连绵词，最美不过一瞬。,260910人评价
消失的爱人,Gone Girl,https://movie.douban.com/subject/21318488/,大卫·芬奇 David Fincher ,本·阿弗莱克 Ben Affleck / 罗莎蒙,2014,美国 ,剧情 犯罪 悬疑 惊悚,8.7,年度最佳date movie。,422356人评价
侧耳倾听,耳をすませば,https://movie.douban.com/subject/1297052/,近藤喜文 Yoshifumi Kondo ,本名阳子 / 小林桂树,1995,日本 ,剧情 爱情 动画,8.8,少女情怀总是诗。,202298人评价
风之谷,風の谷のナウシカ,https://movie.douban.com/subject/1291585/,宫崎骏 Hayao Miyazaki ,岛本须美 Sumi Shimamoto / 松田洋治 Y,1984,日本 ,动画 奇幻 冒险,8.8,动画片的圣经。,203178人评价
爱在日落黄昏时,Before Sunset,https://movie.douban.com/subject/1291990/,理查德·林克莱特 Richard Linklater ,伊桑·霍克 Ethan Hawke ,2004,美国 ,剧情 爱情,8.8,九年后的重逢是世俗和责任的交叠，没了悸动和青涩，沧桑而温暖。,231001人评价
超脱,Detachment,https://movie.douban.com/subject/5322596/,托尼·凯耶 Tony Kaye ,艾德里安·布洛迪 Adrien Brody / 马西,2011,美国 ,剧情,8.8,穷尽一生，我们要学会的，不过是彼此拥抱。,206929人评价
倩女幽魂,A Chinese Ghost Story,https://movie.douban.com/subject/1297447/,程小东 Siu-Tung Ching ,张国荣 Leslie Cheung / 王祖贤 Joey Wong,1987,香港 ,剧情 爱情 武侠 古装,8.6,两张绝世的脸。,307771人评价
恐怖直播,더 테러 라이브,https://movie.douban.com/subject/21360417/,金秉祐 Byeong-woo Kim ,河正宇 Jung-woo Ha / 李璟荣 Kyeong-y,2013,韩国 ,剧情 犯罪 悬疑,8.7,恐怖分子的“秋菊打官司”。,271180人评价
小森林 夏秋篇,リトル・フォレスト 夏・秋,https://movie.douban.com/subject/25814705/,森淳一 Junichi Mori ,桥本爱 Ai Hashimoto / 三浦贵大 Takahir,2014,日本 ,剧情,8.9,那些静得只能听见呼吸的日子里，你明白孤独即生活。,167767人评价
喜剧之王,喜劇之王,https://movie.douban.com/subject/1302425/,周星驰 Stephen Chow / 李力持 Lik-Chi Lee ,周星驰 / 张柏芝 / 莫文蔚 / 吴孟达,1999,香港 ,喜剧 剧情 爱情,8.6,我是一个演员。,379753人评价
红辣椒,パプリカ,https://movie.douban.com/subject/1865703/,今敏 Satoshi Kon ,林原惠美 Megumi Hayashibara / 古谷彻 T,2006,日本 ,动画 悬疑 科幻 惊悚,8.9,梦的勾结。,162039人评价
菊次郎的夏天,菊次郎の夏,https://movie.douban.com/subject/1293359/,北野武 Takeshi Kitano ,北野武 Takeshi Kitano / 关口雄介 Yus,1999,日本 ,剧情 喜剧,8.7,从没见过那么流氓的温柔，从没见过那么温柔的流氓。,221173人评价
驯龙高手,How To Train Your Dragon,https://movie.douban.com/subject/2353023/,迪恩·德布洛斯 Dean DeBlois / 克里斯·桑德斯 Chris Sanders ,杰伊·巴鲁切尔 / 杰拉德·巴特勒 / 克雷格·费格森,2010,美国,喜剧 动画 奇幻 冒险,8.7,和谐的生活离不开摸头与被摸头。,335587人评价
幸福终点站,The Terminal,https://movie.douban.com/subject/1292274/,史蒂文·斯皮尔伯格 Steven Spielberg ,汤姆·汉克斯 Tom Hanks,2004,美国 ,喜剧 剧情 爱情,8.7,有时候幸福需要等一等。,258679人评价
神偷奶爸,Despicable Me,https://movie.douban.com/subject/3287562/,皮艾尔·柯芬 Pierre Coffin / 克里斯·雷纳德 Chris Renaud ,史蒂夫·卡瑞尔 / 杰森·席格尔 / 拉塞尔·布兰德 / 朱莉·安德鲁斯 / 威尔·阿奈特,2010,美国 法国 ,喜剧 动画 冒险,8.5,Mr. I Don't Care其实也有Care的时候。,450136人评价
借东西的小人阿莉埃蒂,借りぐらしのアリエッティ,https://movie.douban.com/subject/4202302/,米林宏昌 Hiromasa Yonebayashi ,志田未来 Mirai Shida / 神木,2010,日本 ,动画 奇幻 冒险,8.7,曾经的那段美好会沉淀为一辈子的记忆。,250463人评价
岁月神偷,歲月神偷,https://movie.douban.com/subject/3792799/,罗启锐 Alex Law ,吴君如 Sandra Ng / 任达华 Simon Yam / 钟绍,2010,香港 中国大陆 ,剧情 家庭,8.6,岁月流逝，来日可追。,343428人评价
萤火虫之墓,火垂るの墓,https://movie.douban.com/subject/1293318/,高畑勋 Isao Takahata ,辰己努 / 白石绫乃 / 志乃原良子,1988,日本,动画 剧情 战争,8.7,幸福是生生不息，却难以触及的远。,231823人评价
杀人回忆,살인의 추억,https://movie.douban.com/subject/1300299/,奉俊昊 Joon-ho Bong ,宋康昊 Kang-ho Song / 金相庆 Sang-kyun,2003,韩国 ,犯罪 剧情 悬疑 惊悚,8.7,关于连环杀人悬案的集体回忆。,240474人评价
七武士,七人の侍,https://movie.douban.com/subject/1295399/,黑泽明 Akira Kurosawa ,三船敏郎 / 志村乔 / 稻叶义男,1954,日本 ,动作 冒险 剧情,9.2,时代悲歌。,90031人评价
怪兽电力公司,"Monsters, Inc.",https://movie.douban.com/subject/1291579/,彼特·道格特 Pete Docter / 大卫·斯沃曼 David Silverman ,约翰·古德曼 / 比利·克里斯托,2001,美国 ,儿童 喜剧 动画 奇幻 冒险,8.6,不要给它起名字，起了名字就有感情了。,286641人评价
谍影重重3,The Bourne Ultimatum,https://movie.douban.com/subject/1578507/,保罗·格林格拉斯 Paul Greengrass ,马特·达蒙 Matt Damon / ,2007,美国 德国 ,动作 悬疑 惊悚,8.7,像吃了苏打饼一样干脆的电影。,208122人评价
喜宴,囍宴,https://movie.douban.com/subject/1303037/,李安 Ang Lee ,赵文瑄 Winston Chao / 郎雄 Sihung Lung / 归亚,1993,台湾 美国 ,剧情 喜剧 爱情 同性 家庭,8.8,中国家庭的喜怒哀乐忍。,161617人评价
电锯惊魂,Saw,https://movie.douban.com/subject/1417598/,詹姆斯·温 James Wan , 雷·沃纳尔 / 加利·艾尔维斯,2004,美国 ,悬疑 惊悚 恐怖,8.7,真相就在眼前。,226472人评价
贫民窟的百万富翁,Slumdog Millionaire,https://movie.douban.com/subject/2209573/,丹尼·鲍尔 Danny Boyle / 洛芙琳·坦丹 Loveleen Tandan ,戴夫·帕特尔 / 沙鲁巴·舒克拉,2008,英国 美国 ,剧情 爱情,8.5,上帝之城+猜火车+阿甘正传+开心辞典=山寨富翁,436833人评价
东邪西毒,東邪西毒,https://movie.douban.com/subject/1292328/,王家卫 Kar Wai Wong ,张国荣 Leslie Cheung / 林青霞 Brigitte,1994,香港 台湾 ,剧情 动作 爱情 武侠 古装,8.6,电影诗。,291928人评价
真爱至上,Love Actually,https://movie.douban.com/subject/1292401/,理查德·柯蒂斯 Richard Curtis ,休·格兰特 Hugh Grant / 柯林,2003,英国 美国 法国 ,喜剧 剧情 爱情,8.5,爱，是个动词。,352826人评价
记忆碎片,Memento,https://movie.douban.com/subject/1304447/,克里斯托弗·诺兰 Christopher Nolan ,盖·皮尔斯 / 凯瑞-安·莫斯,2000,美国 ,犯罪 剧情 悬疑 惊悚,8.6,一个针管引发的血案。,317634人评价
黑天鹅,Black Swan,https://movie.douban.com/subject/1978709/,达伦·阿罗诺夫斯基 Darren Aronofsky ,娜塔莉·波特曼 Natalie,2010,美国 ,剧情 惊悚,8.5,黑暗之美。,471243人评价
疯狂原始人,The Croods,https://movie.douban.com/subject/1907966/,科克·德·米科 Kirk De Micco / 克里斯·桑德斯 Chris Sanders ,尼古拉斯·凯奇 / 艾玛·斯通 / 瑞恩·雷诺兹,2013,美国 ,喜剧 动画 冒险,8.7,老少皆宜，这就是好莱坞动画的魅力。,422982人评价
小森林 冬春篇,リトル・フォレスト 冬・春,https://movie.douban.com/subject/25814707/,森淳一 Junichi Mori ,桥本爱 Ai Hashimoto / 三浦贵大 Takahir,2015,日本 ,剧情,9.0,尊敬他人，尊敬你生活的这片土地，明白孤独是人生的常态。,145031人评价
请以你的名字呼唤我,Call Me By Your Name,https://movie.douban.com/subject/26799731/,卢卡·圭达尼诺 Luca Guadagnino ,蒂莫西·柴勒梅德 Timothée ,2017,意大利 法国 巴西 美国 ,剧情 爱情 同性,8.8,沉醉在电影的情感和视听氛围中无法自拔。,222744人评价
哈利·波特与死亡圣器(下),Harry Potter And The Deathly Hallows: Part 2,https://movie.douban.com/subject/3011235/,大卫·叶茨 David Yates ,丹尼尔·雷德克里夫 / 艾玛·沃森 / 鲁伯特·格林特,2011,美国 英国 ,剧情 悬疑 奇幻 冒险,8.7,10年的完美句点。,318717人评价
雨人,Rain Man,https://movie.douban.com/subject/1291870/,巴瑞·莱文森 Barry Levinson ,达斯汀·霍夫曼 / 汤姆·克鲁斯,1988,美国 ,剧情,8.6,生活在自己的世界里，也可以让周围的人显得可笑和渺小。,231827人评价
萤火之森,蛍火の杜へ,https://movie.douban.com/subject/5989818/,大森贵弘 Takahiro Omori ,佐仓绫音 / 内山昂辉,2011,日本 ,剧情 爱情 动画 奇幻,8.8,触不到的恋人。,192850人评价
海洋,Océans,https://movie.douban.com/subject/3443389/,雅克·贝汉 Jacques Perrin / 雅克·克鲁奥德 Jacques Cluzaud ,,2009,法国 瑞士 西班牙 美国 阿联酋,纪录片,9.0,大海啊，不全是水。,106303人评价
英雄本色,A Better Tomorrow / Gangland Boss,https://movie.douban.com/subject/1297574/,吴宇森 John Woo ,周润发 Yun-Fat Chow / 狄龙 Lung Ti / 张国荣,1986,香港 ,动作 犯罪,8.6,英雄泪短，兄弟情长。,204454人评价
7号房的礼物,7번방의 선물,https://movie.douban.com/subject/10777687/,李焕庆 Hwan-kyeong Lee , 柳承龙 / 朴信惠 / 郑镇荣 / 金正泰 / 吴达洙,2013,韩国 ,剧情 喜剧 家庭,8.7,《我是山姆》的《美丽人生》。,209898人评价
卢旺达饭店,Hotel Rwanda,https://movie.douban.com/subject/1291822/,特瑞·乔治 Terry George , 唐·钱德尔 / 苏菲·奥康内多,2004,英国 南非 意大利 美国 ,剧情 历史 战争,8.9,当这个世界闭上双眼，他却敞开了怀抱。,138362人评价
心迷宫,,https://movie.douban.com/subject/25917973/,忻钰坤 Yukun Xin ,霍卫民 Weimin Huo / 王笑天 Xiaotian Wang ,2014,中国大陆 ,剧情 犯罪 悬疑,8.7,荒诞讽刺，千奇百巧，抽丝剥茧，百转千回。,215255人评价
荒蛮故事,Relatos Salvajes,https://movie.douban.com/subject/24750126/,达米安·斯兹弗隆 Damián Szifron ,达里奥·葛兰帝内提 Darío,2014,阿根廷 西班牙 ,剧情 喜剧 犯罪,8.8,始于荒诞，止于更荒诞。,172359人评价
傲慢与偏见,Pride & Prejudice,https://movie.douban.com/subject/1418200/,乔·怀特 Joe Wright ,凯拉·奈特莉 Keira Knightley / 马修·,2005,法国 英国 美国 ,剧情 爱情,8.5,爱是摈弃傲慢与偏见之后的曙光。,349445人评价
超能陆战队,Big Hero 6,https://movie.douban.com/subject/11026735/,唐·霍尔 Don Hall / 克里斯·威廉姆斯 Chris Williams ,斯科特·安第斯 / 瑞恩·波特 / 丹尼尔·海尼 / T·J·米勒,2014,美国 ,喜剧 动作 科幻 动画 冒险,8.6,Balalala~~~,436945人评价
虎口脱险,La Grande Vadrouille,https://movie.douban.com/subject/1296909/,杰拉尔·乌里 Gérard Oury ,路易·德·菲奈斯 / 布尔维尔,1966,法国 英国 ,喜剧 战争,8.9,永远看不腻的喜剧。,119638人评价
唐伯虎点秋香,唐伯虎點秋香,https://movie.douban.com/subject/1306249/,李力持 Lik-Chi Lee ,周星驰 / 巩俐 / 陈百祥,1993,香港 ,喜剧 爱情 古装,8.4,华太师是黄霑，吴镇宇四大才子之一。,400678人评价
海边的曼彻斯特,Manchester By The Sea,https://movie.douban.com/subject/25980443/,肯尼斯·罗纳根 Kenneth Lonergan ,卡西·阿弗莱克 / 卢卡斯·赫奇斯,2016,美国 ,剧情 家庭,8.6,我们都有权利不与自己的过去和解。,236971人评价
蝙蝠侠：黑暗骑士崛起,The Dark Knight Rises,https://movie.douban.com/subject/3395373/,克里斯托弗·诺兰 Christopher Nolan ,克里斯蒂安·贝尔 / 汤姆·哈迪 / 安妮·海瑟薇,2012,美国 英国 ,剧情 动作 科幻 犯罪 惊悚,8.6,诺兰就是保证。,337294人评价
燃情岁月,Legends Of The Fall,https://movie.douban.com/subject/1295865/,爱德华·兹威克 Edward Zwick ,安东尼·霍普金斯 / 布拉德·皮特 / 朱莉娅·奥蒙德,1994,美国 ,剧情 爱情 西部 家庭,8.7,传奇，不是每个人都可以拥有。,162783人评价
教父3,The Godfather: Part Iii,https://movie.douban.com/subject/1294240/,弗朗西斯·福特·科波拉 Francis Ford Coppola ,阿尔·帕西诺 / 黛安·基顿 / 塔莉娅·夏尔,1990,美国 ,剧情 犯罪,8.8,任何信念的力量，都无法改变命运。,152691人评价
纵横四海,緃横四海,https://movie.douban.com/subject/1295409/,吴宇森 John Woo ,周润发 Yun-Fat Chow / 张国荣 Leslie Cheung,1991,香港 ,剧情 喜剧 动作 犯罪,8.7,香港浪漫主义警匪动作片的巅峰之作。,174581人评价
时空恋旅人,About Time,https://movie.douban.com/subject/10577869/,理查德·柯蒂斯 Richard Curtis ,多姆纳尔·格里森 / 瑞秋·麦克亚当斯,2013,英国 ,剧情 爱情 奇幻,8.6,把每天当作最后一天般珍惜度过，积极拥抱生活，就是幸福。,239125人评价
玩具总动员3,Toy Story 3,https://movie.douban.com/subject/1858711/,李·昂克里奇 Lee Unkrich ,汤姆·汉克斯 / 蒂姆·艾伦 / 琼·库萨克,2010,美国 ,喜剧 动画 奇幻 冒险,8.8,跨度十五年的欢乐与泪水。,219007人评价
恋恋笔记本,The Notebook,https://movie.douban.com/subject/1309163/,尼克·卡索维茨 Nick Cassavetes ,瑞恩·高斯林 / 瑞秋·麦克亚当斯,2004,美国 ,剧情 爱情,8.5,爱情没有那么多借口，如果不能圆满，只能说明爱的不够。,324456人评价
完美的世界,A Perfect World,https://movie.douban.com/subject/1300992/,克林特·伊斯特伍德 Clint Eastwood ,凯文·科斯特纳 / 劳拉·邓恩,1993,美国 ,剧情 犯罪,9.0,坏人的好总是比好人的好来得更感人。,94909人评价
花样年华,花樣年華,https://movie.douban.com/subject/1291557/,王家卫 Kar Wai Wong ,梁朝伟 Tony Leung Chiu Wai / 张曼玉 Ma,2000,香港 ,剧情 爱情,8.5,偷情本没有这样美。,280444人评价
无人知晓,誰も知らない,https://movie.douban.com/subject/1292337/,是枝裕和 Hirokazu Koreeda ,柳乐优弥 Yûya Yagira / 北浦爱,2004,日本 ,剧情,9.1,我的平常生活就是他人的幸福。,87507人评价
达拉斯买家俱乐部,Dallas Buyers Club,https://movie.douban.com/subject/1793929/,让-马克·瓦雷 Jean-Marc Vallée ,马修·麦康纳 / 詹妮弗·加纳,2013,美国 ,剧情 传记 同性,8.7,Jared Leto的腿比女人还美！,214719人评价
二十二,Twenty Two,https://movie.douban.com/subject/26430107/,郭柯 Ke Guo ,,2015,中国大陆,纪录片,8.7,有一些东西不应该被遗忘。,125989人评价
雨中曲,Singin' In The Rain,https://movie.douban.com/subject/1293460/,Stanley Donen / Gene Kelly ,Gene Kelly / Donald O'Connor / ,1952,美国 ,喜剧 歌舞 爱情,9.0,骨灰级歌舞片。,104239人评价
猜火车,Trainspotting,https://movie.douban.com/subject/1292528/,丹尼·博伊尔 Danny Boyle ,伊万·麦克格雷格 / 艾文·布莱纳 ,1996,英国 ,犯罪 剧情,8.5,不可猜的青春迷笛。,273453人评价
魂断蓝桥,Waterloo Bridge,https://movie.douban.com/subject/1293964/,Mervyn LeRoy ,Vivien Leigh / Robert Taylor / Lucile Watson,1940,美国,剧情 战争 爱情,8.8,中国式内在的美国电影。,143775人评价
穿越时空的少女,時をかける少女,https://movie.douban.com/subject/1937946/,细田守 Mamoru Hosoda ,仲里依纱 Riisa Naka / 石田卓也 Takuya,2006,日本 ,剧情 爱情 科幻 动画,8.6,爱上未来的你。,207391人评价
血战钢锯岭,Hacksaw Ridge,https://movie.douban.com/subject/26325320/,梅尔·吉布森 Mel Gibson ,安德鲁·加菲尔德 / 萨姆·沃辛顿,2016,美国 澳大利亚 ,剧情 传记 历史 战争,8.7,优秀的战争片不会美化战场，不会粉饰死亡，不会矮化敌人，不会无视常识，最重要的，不会宣扬战争。,374581人评价
我是山姆,I Am Sam,https://movie.douban.com/subject/1306861/,杰茜·尼尔森 Jessie Nelson ,西恩·潘 / 达科塔·范宁 / 米歇尔·菲佛,2001,美国 ,剧情 家庭,8.8,爱并不需要智商 。,121131人评价
冰川时代,Ice Age,https://movie.douban.com/subject/1291578/,卡洛斯·沙尔丹哈 Carlos Saldanha / 克里斯·韦奇 Chris Wedge ,雷·罗马诺 / 约翰·雷吉扎莫 / 丹尼斯·利瑞,2002,美国 ,喜剧 动画 冒险,8.5,松鼠才是角儿。,311485人评价
人工智能,Artificial Intelligence: Ai,https://movie.douban.com/subject/1302827/,史蒂文·斯皮尔伯格 Steven Spielberg ,海利·乔·奥斯蒙 / 弗兰西丝·奥康纳,2001,美国 ,冒险 剧情 科幻,8.6,对爱的执着，可以超越一切。,215732人评价
爆裂鼓手,Whiplash,https://movie.douban.com/subject/25773932/,达米安·沙泽勒 Damien Chazelle ,迈尔斯·特勒 / J·K·西蒙斯 / 保罗·雷瑟,2014,美国 ,剧情 音乐,8.6,这个世界从不善待努力的人，努力了也不一定会成功，但是知道自己在努力，就是活下去的动力。,270903人评价
浪潮,Die Welle,https://movie.douban.com/subject/2297265/,丹尼斯·甘塞尔 Dennis Gansel ,于尔根·福格尔 / 弗雷德里克·劳 / 马克思·雷迈特,2008,德国 ,剧情 惊悚,8.7,世界离独裁只有五天。,149393人评价
朗读者,The Reader,https://movie.douban.com/subject/2213597/,史蒂芬·戴德利 Stephen Daldry ,凯特·温丝莱特 / 大卫·克劳斯,2008,美国 德国 ,剧情 爱情,8.5,当爱情跨越年龄的界限，它似乎能变得更久远一点，成为一种责任，一种水到渠成的相濡以沫。,301729人评价
罗生门,羅生門,https://movie.douban.com/subject/1291879/,黑泽明 Akira Kurosawa , 三船敏郎 / 千秋实 / 京町子,1950,日本 ,犯罪 剧情 悬疑,8.7,人生的N种可能性。,144504人评价
未麻的部屋,Perfect Blue,https://movie.douban.com/subject/1395091/,今敏 Satoshi Kon ,岩男润子 Junko Iwao / 松本梨香 Rica Matsu,1997,日本 ,动画 奇幻 惊悚,8.8,好的剧本是，就算你猜到了结局也猜不到全部。,115732人评价
香水,Perfume: The Story Of A Murderer,https://movie.douban.com/subject/1760622/,汤姆·提克威 Tom Tykwer ,本·卫肖 / 艾伦·瑞克曼,2006,德国 法国 西班牙 美国 ,剧情 犯罪 奇幻,8.4,一个单凭体香达到高潮的男人。,309952人评价
被解救的姜戈,Django Unchained,https://movie.douban.com/subject/6307447/,昆汀·塔伦蒂诺 Quentin Tarantino ,杰米·福克斯 / 莱昂纳多·迪卡普里奥,2012,美国 ,剧情 动作 西部 冒险,8.6,热血沸腾，那个低俗、性感的无耻混蛋又来了。,292672人评价
头脑特工队,Inside Out,https://movie.douban.com/subject/10533913/,彼特·道格特 Pete Docter / 罗纳尔多·德尔·卡门 Ronaldo Del Carmen,艾米·波勒 / 菲利丝·史密斯 / 理查德·坎德,2015,美国 ,喜剧 动画 冒险,8.7,愿我们都不用长大，每一座城堡都能永远存在。,268751人评价
阿飞正传,阿飛正傳,https://movie.douban.com/subject/1305690/,王家卫 Kar Wai Wong ,张国荣 / 张曼玉,1990,香港 ,犯罪 剧情 爱情,8.5,王家卫是一种风格，张国荣是一个代表。,237708人评价
可可西里,Kekexili: Mountain Patrol,https://movie.douban.com/subject/1308857/,陆川 Chuan Lu ,多布杰 / 张正阳 / 奇道 / 赵雪莹 / 马占林,2004,中国大陆 香港 ,剧情 犯罪,8.7,坚硬的信仰。,145560人评价
恐怖游轮,Triangle,https://movie.douban.com/subject/3011051/,克里斯托弗·史密斯 Christopher Smith ,梅利莎·乔治 / 利亚姆·海姆斯沃斯 / 迈克尔·多曼,2009,英国 澳大利亚,剧情 悬疑 惊悚,8.4,不要企图在重复中寻找已经失去的爱。,374104人评价
你的名字。,君の名は。,https://movie.douban.com/subject/26683290/,新海诚 Makoto Shinkai ,神木隆之介 / 上白石萌音,2016,日本 ,剧情 爱情 动画,8.4,穿越错位的时空，仰望陨落的星辰，你没留下你的名字，我却无法忘记那句“我爱你”。,568865人评价
一次别离,جدایی نادر از سیمین,https://movie.douban.com/subject/5964718/,阿斯哈·法哈蒂 Asghar Farhadi ,佩曼·莫阿迪 / 蕾拉·哈塔米,2011,伊朗 法国 ,剧情 家庭,8.7,只有有信仰的人才能说出事实真相。,147370人评价
房间,Room,https://movie.douban.com/subject/25724855/,伦尼·阿伯拉罕森 Lenny Abrahamson ,布丽·拉尔森 / 雅各布·特伦布莱,2015,爱尔兰 加拿大 英国 美国 ,剧情 家庭,8.8,被偷走的岁月，被伤害的生命，被禁锢的灵魂，终将被希望和善意救赎。,183507人评价
追随,Following,https://movie.douban.com/subject/1397546/,克里斯托弗·诺兰 Christopher Nolan ,杰里米·西奥伯德 / 亚历克斯·霍 / 露西·拉塞尔,1998,英国 ,犯罪 悬疑 惊悚,8.9,诺兰的牛逼来源于内心散发出的恐惧。,91863人评价
撞车,Crash,https://movie.douban.com/subject/1388216/,保罗·哈吉斯 Paul Haggis ,桑德拉·布洛克 / 唐·钱德尔 / 马特·狄龙 ,2004,美国 德国 ,犯罪 剧情,8.6,天使与魔鬼的冲撞。,192107人评价
战争之王,Lord Of War,https://movie.douban.com/subject/1419936/,安德鲁·尼科尔 Andrew Niccol ,尼古拉斯·凯奇 / 布丽姬·穆娜,2005,美国 法国 ,剧情 犯罪,8.6,做一颗让别人需要你的棋子。,192795人评价
模仿游戏,The Imitation Game,https://movie.douban.com/subject/10463953/,莫腾·泰杜姆 Morten Tyldum ,本尼迪克特·康伯巴奇 / 凯拉·奈特莉,2014,英国 美国 ,剧情 传记 战争 同性,8.6,他给机器起名“克里斯托弗”，因为这是他初恋的名字。,292262人评价
地球上的星星,Taare Zameen Par,https://movie.douban.com/subject/2363506/,阿米尔·汗 Aamir Khan ,达席尔·萨法瑞 / 阿米尔·汗 / 塔奈·切赫达,2007,印度 ,剧情 儿童 家庭,8.8,天使保护事件始末。,97321人评价
一个叫欧维的男人决定去死,En Man Som Heter Ove,https://movie.douban.com/subject/26628357/,汉内斯·赫尔姆 Hannes Holm ,罗夫·拉斯加德 / 巴哈·帕斯 / 托比亚斯·阿姆博瑞,2015,瑞典 ,剧情,8.8,惠及一生的美丽。,147215人评价
魔女宅急便,魔女の宅急便,https://movie.douban.com/subject/1307811/,宫崎骏 Hayao Miyazaki ,高山南 / 佐久间玲 / 户田惠子,1989,日本 ,动画 奇幻 冒险,8.5,宫崎骏的电影总让人感觉世界是美好的，阳光明媚的。,222533人评价
忠犬八公物语,ハチ公物語,https://movie.douban.com/subject/1959195/,Seijirô Kôyama ,山本圭 Kei Yamamoto / 井川比佐志 Hisa,1987,日本 ,剧情,9.0,养狗三日，便会对你终其一生。,72108人评价
谍影重重,The Bourne Identity,https://movie.douban.com/subject/1304102/,道格·里曼 Doug Liman ,马特·达蒙 / 弗朗卡·波滕特 / 克里斯·库珀,2002,美国 德国 捷克 ,动作 悬疑 惊悚,8.5,哗啦啦啦啦，天在下雨，哗啦啦啦啦，云在哭泣……找自己。,217542人评价
牯岭街少年杀人事件,牯嶺街少年殺人事件,https://movie.douban.com/subject/1292329/,杨德昌 Edward Yang ,张震 / 杨静怡 / 张国柱,1991,台湾 ,剧情 犯罪,8.8,弱者送给弱者的一刀。,121768人评价
完美陌生人,Perfetti Sconosciuti,https://movie.douban.com/subject/26614893/,保罗·格诺维瑟 Paolo Genovese , 马可·贾利尼 / 卡夏·斯穆特尼亚克 / 爱德华多·莱奥,2016,意大利 ,剧情 喜剧,8.6,来啊，互相伤害啊！,241930人评价
谍影重重2,The Bourne Supremacy,https://movie.douban.com/subject/1308767/,保罗·格林格拉斯 Paul Greengrass ,马特·达蒙 / 弗朗卡·波滕特,2004,美国 德国 ,动作 悬疑 惊悚,8.6,谁说王家卫镜头很晃？,180614人评价
梦之安魂曲,Requiem For A Dream,https://movie.douban.com/subject/1292270/,达伦·阿伦诺夫斯基 Darren Aronofsky ,艾伦·伯斯汀 / 杰瑞德·莱托,2000,美国 ,剧情,8.7,一场没有春天的噩梦。,124725人评价
哪吒闹海,Prince Nezha's Triumph Against Dragon King,https://movie.douban.com/subject/1307315/,严定宪 Dingxian Yan / 王树忱 Shuchen Wang ,梁正晖 / 邱岳峰 / 毕克,1979,中国大陆 ,冒险 动画 奇幻,8.9,想你时你在闹海。,94714人评价
青蛇,Green Snake,https://movie.douban.com/subject/1303394/,徐克 Hark Tsui ,张曼玉 Maggie Cheung / 王祖贤 Joey Wang,1993,香港 ,剧情 奇幻 古装,8.5,人生如此，浮生如斯。谁人言，花彼岸，此生情长意短。谁都是不懂爱的罢了。,253303人评价
惊魂记,Psycho,https://movie.douban.com/subject/1293181/,Alfred Hitchcock ,Janet Leigh / Anthony Perkins / Vera Miles,1960,美国,悬疑 惊悚 恐怖,8.9,故事的反转与反转，分裂电影的始祖。,96531人评价
再次出发之纽约遇见你,Begin Again,https://movie.douban.com/subject/6874403/,约翰·卡尼 John Carney ,凯拉·奈特莉 / 马克·鲁弗洛 / 亚当·莱文,2013,美国 ,喜剧 爱情 音乐,8.5,爱我就给我看你的播放列表。,198221人评价
小萝莉的猴神大叔,Bajrangi Bhaijaan,https://movie.douban.com/subject/26393561/,卡比尔·汗 Kabir Khan ,萨尔曼·汗 / 哈莎莉·马洛特拉·马,2015,印度 ,剧情 喜剧 动作,8.5,宝莱坞的萝莉与大叔。,197777人评价
黑客帝国3：矩阵革命,The Matrix Revolutions,https://movie.douban.com/subject/1302467/,Andy Wachowski / Larry Wachowski ,基努·里维斯 / 劳伦斯·菲什伯恩,2003,美国 澳大利亚 ,动作 科幻,8.6,不得不说，《黑客帝国》系列是商业片与科幻、哲学完美结合的典范。,178832人评价
东京物语,東京物語,https://movie.douban.com/subject/1291568/,小津安二郎 Yasujirô Ozu ,笠智众 / 原节子 / 杉村春子,1953,日本 ,剧情 家庭,9.2,东京那么大，如果有一天走失了，恐怕一辈子不能再相见。,59075人评价
新龙门客栈,新龍門客棧,https://movie.douban.com/subject/1292287/,李惠民 Raymond Lee ,张曼玉 Maggie Cheung / 林青霞 Brigitte ,1992,香港 中国大陆 ,剧情 动作 武侠 古装,8.5,嬉笑怒骂，调风动月。,210527人评价
源代码,Source Code,https://movie.douban.com/subject/3075287/,邓肯·琼斯 Duncan Jones ,杰克·吉伦哈尔 / 维拉·法米加,2011,美国 加拿大 ,科幻 悬疑 惊悚,8.4,邓肯·琼斯继《月球》之后再度奉献出一部精彩绝伦的科幻佳作。,449684人评价
步履不停,歩いても 歩いても,https://movie.douban.com/subject/2222996/,是枝裕和 Hirokazu Koreeda ,阿部宽 Hiroshi Abe / 夏川结衣 Yu,2008,日本 ,剧情 家庭,8.8,日本的家庭电影已经是世界巅峰了，步履不停是巅峰中的佳作。,101819人评价
终结者2：审判日,Terminator 2: Judgment Day,https://movie.douban.com/subject/1291844/,詹姆斯·卡梅隆 James Cameron ,阿诺·施瓦辛格 / 琳达·汉密尔顿,1991,美国 法国 ,动作 科幻,8.6,少见的超越首部的续集，动作片中的经典。,158168人评价
海街日记,海街diary,https://movie.douban.com/subject/25895901/,是枝裕和 Hirokazu Koreeda ,绫濑遥 Haruka Ayase / 长泽雅美 M,2015,日本 ,剧情 家庭,8.7,是枝裕和的家庭习作。,161059人评价
绿里奇迹,The Green Mile,https://movie.douban.com/subject/1300374/,Frank Darabont ,汤姆·汉克斯 Tom Hanks / 大卫·摩斯 David M,1999,美国 ,犯罪 剧情 奇幻 悬疑,8.7,天使暂时离开。,120380人评价
末路狂花,Thelma & Louise,https://movie.douban.com/subject/1291992/,雷德利·斯科特 Ridley Scott ,吉娜·戴维斯 / 苏珊·萨兰登,1991,美国 法国 ,犯罪 剧情 惊悚,8.7,没有了退路，只好飞向自由。,117522人评价
秒速5厘米,秒速5センチメートル,https://movie.douban.com/subject/2043546/,新海诚 Makoto Shinkai ,水桥研二 Kenji Mizuhashi / 近藤好美 ,2007,日本 ,动画 剧情 爱情,8.3,青春就是放弃和怀念。,341348人评价
初恋这件小事,สิ่งเล็กเล็กที่เรียกว่า...รัก,https://movie.douban.com/subject/4739952/,普特鹏·普罗萨卡·那·萨克那卡林 Puttipong Promsaka Na Sakolnakorn / 华森·波克彭,平采娜·乐维瑟派布恩 / 马里奥·毛瑞尔,2010,泰国 ,剧情 喜剧 爱情,8.3,黑小鸭速效美白记。,519297人评价
城市之光,City Lights,https://movie.douban.com/subject/1293908/,Charles Chaplin ,查理·卓别林 / 弗吉尼亚·切瑞尔,1931,美国 ,喜剧 剧情 爱情,9.2,永远的小人物，伟大的卓别林。,51647人评价
碧海蓝天,Le Grand Bleu,https://movie.douban.com/subject/1300960/,Luc Besson ,让-马克·巴尔 Jean-Marc Barr / 让·雷诺 Jean Re,1988,法国 美国 意大利 ,剧情 爱情,8.7,在那片深蓝中，感受来自大海的忧伤寂寞与美丽自由。,114205人评价
无敌破坏王,Wreck-it Ralph,https://movie.douban.com/subject/6534248/,瑞奇·莫尔 Rich Moore ,约翰·C·赖利 / 萨拉·西尔弗曼,2012,美国 ,喜剧 动画 奇幻 冒险,8.7,迪士尼和皮克斯拿错剧本的产物。,210862人评价
无耻混蛋,Inglourious Basterds,https://movie.douban.com/subject/1438652/,Quentin Tarantino ,布拉德·皮特 / 梅拉尼·罗兰,2009,美国 德国 ,剧情 犯罪,8.5,昆汀同学越来越变态了，比北野武还杜琪峰。,247953人评价
爱在午夜降临前,Before Midnight,https://movie.douban.com/subject/10808442/,理查德·林克莱特 Richard Linklater ,伊桑·霍克 / 朱莉·德尔佩,2013,美国 ,剧情 爱情,8.8,所谓爱情，就是话唠一路，都不会心生腻烦，彼此嫌弃。,133703人评价
这个男人来自地球,The Man From Earth,https://movie.douban.com/subject/2300586/,理查德·沙因克曼 Richard Schenkman ,大卫·李·史密斯 / 托尼·托德,2007,美国 ,剧情 科幻,8.5,科幻真正的魅力不是视觉效果能取代的。,204527人评价
勇闯夺命岛,The Rock,https://movie.douban.com/subject/1292728/,迈克尔·贝 Michael Bay ,肖恩·康纳利 / 尼古拉斯·凯奇,1996,美国 ,动作 冒险,8.6,类型片的极致。,156552人评价
疯狂的石头,Crazy Stone,https://movie.douban.com/subject/1862151/,宁浩 Hao Ning ,郭涛 / 刘桦 / 连晋 / 黄渤,2006,中国大陆 香港 ,喜剧 犯罪,8.3,中国版《两杆大烟枪》。,359833人评价
E.T. 外星人,E.T.: The Extra-terrestrial,https://movie.douban.com/subject/1294638/,Steven Spielberg ,亨利·托马斯 / 迪·沃伦斯,1982,美国 ,剧情 科幻,8.5,生病的E.T.皮肤的颜色就像柿子饼。,173287人评价
卡萨布兰卡,Casablanca,https://movie.douban.com/subject/1296753/,Michael Curtiz ,亨弗莱·鲍嘉 / 英格丽·褒曼,1942,美国 ,剧情 爱情 战争,8.6,世界上有那么多女人那么多酒馆，但她偏偏走进我的这家。,138144人评价
变脸,Face/off,https://movie.douban.com/subject/1292659/,吴宇森 John Woo ,约翰·特拉沃尔塔 / 尼古拉斯·凯奇,1997,美国 ,动作 科幻 犯罪 惊悚,8.4,当发哥的风衣、墨镜出现在了凯奇身上⋯⋯,235903人评价
海盗电台,The Boat That Rocked,https://movie.douban.com/subject/3007773/,理查德·柯蒂斯 Richard Curtis ,比尔·奈伊 / 肯尼思·布拉纳,2009,英国 德国 法国 ,剧情 喜剧 音乐,8.6,生命不止，摇滚不死。,178241人评价
