{
    "image": "",
    "license": "",
    "last_updated": "2018-10-10T02:48:25Z",
    "sources": [{
        "web": "",
        "name": "",
        "title": ""
    }],
    "keywords": [],
    "name": "douban top250 movies",
    "resources": [{
        "schema": {"fields": [
            {
                "name": "Movie",
                "format": "",
                "description": "",
                "type": "string",
                "title": "",
                "constraints": {}
            },
            {
                "name": "Other name",
                "format": "default",
                "description": "",
                "type": "",
                "title": "",
                "constraints": {}
            },
            {
                "name": "URL",
                "format": "",
                "description": "",
                "type": "string",
                "title": "",
                "constraints": {}
            },
            {
                "name": "Director 2",
                "format": "default",
                "description": "",
                "type": "",
                "title": "",
                "constraints": {}
            },
            {
                "name": "Main Actors",
                "format": "default",
                "description": "",
                "type": "",
                "title": "",
                "constraints": {}
            },
            {
                "name": "Year",
                "format": "default",
                "description": "",
                "type": "",
                "title": "",
                "constraints": {}
            },
            {
                "name": "Region",
                "format": "default",
                "description": "",
                "type": "",
                "title": "",
                "constraints": {}
            },
            {
                "name": "Type",
                "format": "default",
                "description": "",
                "type": "",
                "title": "",
                "constraints": {}
            },
            {
                "name": "Score",
                "format": "",
                "description": "",
                "type": "number",
                "title": "",
                "constraints": {}
            },
            {
                "name": "Summary",
                "format": "",
                "description": "",
                "type": "string",
                "title": "",
                "constraints": {}
            },
            {
                "name": "Comments",
                "format": "",
                "description": "",
                "type": "string",
                "title": "",
                "constraints": {}
            }
        ]},
        "path": "data/douban top250 movies.csv",
        "name": "douban top250 movies"
    }],
    "description": "",
    "title": "",
    "version": "",
    "homepage": ""
}